<?xml version="1.0" encoding="UTF-8"?>
<project-private xmlns="http://www.netbeans.org/ns/project-private/1">
    <editor-bookmarks xmlns="http://www.netbeans.org/ns/editor-bookmarks/2" lastBookmarkId="0"/>
    <open-files xmlns="http://www.netbeans.org/ns/projectui-open-files/2">
        <group>
            <file>file:/D:/HocTap/MOB1023/Lab4/src/lab4/Bai1_Bai2_Bai4.java</file>
            <file>file:/D:/HocTap/MOB1023/Lab4/src/lab4/XDate.java</file>
        </group>
    </open-files>
</project-private>
