<?xml version="1.0" encoding="UTF-8"?>
<project-private xmlns="http://www.netbeans.org/ns/project-private/1">
    <editor-bookmarks xmlns="http://www.netbeans.org/ns/editor-bookmarks/2" lastBookmarkId="0"/>
    <open-files xmlns="http://www.netbeans.org/ns/projectui-open-files/2">
        <group>
            <file>file:/D:/HocTap/MOB1023/ASM_MOB1023_BuiMinhQuang_PS28437/src/asm_mob1023_buiminhquang_ps28437/QLNV.java</file>
            <file>file:/D:/HocTap/MOB1023/ASM_MOB1023_BuiMinhQuang_PS28437/src/asm_mob1023_buiminhquang_ps28437_NhanVien/Employee.java</file>
        </group>
    </open-files>
</project-private>
