<?xml version="1.0" encoding="UTF-8"?>
<project-private xmlns="http://www.netbeans.org/ns/project-private/1">
    <editor-bookmarks xmlns="http://www.netbeans.org/ns/editor-bookmarks/2" lastBookmarkId="0"/>
    <open-files xmlns="http://www.netbeans.org/ns/projectui-open-files/2">
        <group>
            <file>file:/D:/HocTap/MOB1023/Lab1/src/Product.java</file>
            <file>file:/D:/HocTap/MOB1023/Lab1/src/Bai5/Bai5Main.java</file>
            <file>file:/D:/HocTap/MOB1023/Lab1/src/DAO.java</file>
            <file>file:/D:/HocTap/MOB1023/Lab1/src/NoTaxProduct.java</file>
            <file>file:/D:/HocTap/MOB1023/Lab1/src/MainBai2.java</file>
            <file>file:/D:/HocTap/MOB1023/Lab1/src/MainBai3.java</file>
            <file>file:/D:/HocTap/MOB1023/Lab1/src/Main4.java</file>
            <file>file:/D:/HocTap/MOB1023/Lab1/src/Bai5/SanPham.java</file>
        </group>
    </open-files>
</project-private>
