<?xml version="1.0" encoding="UTF-8"?>
<project-private xmlns="http://www.netbeans.org/ns/project-private/1">
    <editor-bookmarks xmlns="http://www.netbeans.org/ns/editor-bookmarks/2" lastBookmarkId="0"/>
    <open-files xmlns="http://www.netbeans.org/ns/projectui-open-files/2">
        <group>
            <file>file:/D:/HocTap/MOB1023/Lab8/src/com/polyit/ProductDAO.java</file>
            <file>file:/D:/HocTap/MOB1023/Lab8/src/com/polyit/Bai2.java</file>
            <file>file:/D:/HocTap/MOB1023/Lab8/src/com/polyit/ProductManager.java</file>
            <file>file:/D:/HocTap/MOB1023/Lab8/src/lab8/Bai2.java</file>
            <file>file:/D:/HocTap/MOB1023/Lab8/src/lab8/Bai1.java</file>
            <file>file:/D:/HocTap/MOB1023/Lab8/src/com/polyit/Product.java</file>
            <file>file:/D:/HocTap/MOB1023/Lab8/src/com/polyit/Bai1.java</file>
            <file>file:/D:/HocTap/MOB1023/Lab8/src/com/polyit/HOaDon.java</file>
            <file>file:/D:/HocTap/MOB1023/Lab8/src/com/polyit/DAO.java</file>
        </group>
    </open-files>
</project-private>
