<?xml version="1.0" encoding="UTF-8"?>
<project-private xmlns="http://www.netbeans.org/ns/project-private/1">
    <editor-bookmarks xmlns="http://www.netbeans.org/ns/editor-bookmarks/2" lastBookmarkId="0"/>
    <open-files xmlns="http://www.netbeans.org/ns/projectui-open-files/2">
        <group>
            <file>file:/D:/HocTap/MOB1023/Lab7/src/lab7/Bai3.java</file>
            <file>file:/D:/HocTap/MOB1023/Lab7/src/lab7/Bai1.java</file>
            <file>file:/D:/HocTap/MOB1023/Lab7/src/lab7/test.java</file>
            <file>file:/D:/HocTap/MOB1023/Lab7/src/lab7/Bai4.java</file>
            <file>file:/D:/HocTap/MOB1023/Lab7/src/lab7/BaiThem.java</file>
            <file>file:/D:/HocTap/MOB1023/Lab7/src/lab7/XPoly.java</file>
            <file>file:/D:/HocTap/MOB1023/Lab7/src/lab7/Bai2.java</file>
        </group>
    </open-files>
</project-private>
